task_id,run_id,flow_id,hpo_config,predictive_accuracy
16,82,57,{'weka.OneR(1)_B': '6'},0.3005
16,91,61,"{'weka.REPTree(1)_I': '0.0', 'weka.REPTree(1)_L': '-1', 'weka.REPTree(1)_M': '2', 'weka.REPTree(1)_N': '3', 'weka.REPTree(1)_S': '1', 'weka.REPTree(1)_V': '0.001'}",0.773
16,280,56,"{'weka.A1DE(2)_F': '1', 'weka.A1DE(2)_M': '1.0', 'weka.AdaBoostM1_DecisionStump(2)_I': '10', 'weka.AdaBoostM1_DecisionStump(2)_P': '100', 'weka.AdaBoostM1_DecisionStump(2)_S': '1', 'weka.AdaBoostM1_DecisionStump(2)_W': 'weka.classifiers.trees.DecisionStump', 'weka.AdaBoostM1_IBk(2)_I': '20', 'weka.AdaBoostM1_IBk(2)_P': '100', 'weka.AdaBoostM1_IBk(2)_S': '1', 'weka.AdaBoostM1_IBk(2)_W': 'weka.classifiers.lazy.IBk', 'weka.Bagging_NaiveBayes(2)_I': '80', 'weka.Bagging_NaiveBayes(2)_P': '100', 'weka.Bagging_NaiveBayes(2)_S': '1', 'weka.Bagging_NaiveBayes(2)_W': 'weka.classifiers.bayes.NaiveBayes', 'weka.Bagging_NaiveBayes(2)_num-slots': '1', 'weka.Bagging_OneR(2)_I': '160', 'weka.Bagging_OneR(2)_P': '100', 'weka.Bagging_OneR(2)_S': '1', 'weka.Bagging_OneR(2)_W': 'weka.classifiers.rules.OneR', 'weka.Bagging_OneR(2)_num-slots': '1', 'weka.BayesianLogisticRegression(2)_D': 'true', 'weka.BayesianLogisticRegression(2)_F': '2', 'weka.BayesianLogisticRegression(2)_H': '1', 'weka.BayesianLogisticRegression(2)_I': '100', 'weka.BayesianLogisticRegression(2)_N': 'true', 'weka.BayesianLogisticRegression(2)_P': '1', 'weka.BayesianLogisticRegression(2)_R': 'R:0.01-316,3.16', 'weka.BayesianLogisticRegression(2)_S': '0.5', 'weka.BayesianLogisticRegression(2)_Tl': '5.0E-4', 'weka.BayesianLogisticRegression(2)_V': '0.27', 'weka.BayesianLogisticRegression(2)_seed': '1', 'weka.ComplementNaiveBayes(2)_S': '1.0', 'weka.GaussianProcesses_PolyKernel(3)_L': '1.0', 'weka.GaussianProcesses_PolyKernel(3)_N': '0', 'weka.IBk(2)_A': 'true', 'weka.IBk(2)_K': '1', 'weka.IBk(2)_W': '0', 'weka.OneR(3)_B': '6', 'weka.PolyKernel(4)_C': '250007', 'weka.PolyKernel(4)_E': '1.0', 'weka.GaussianProcesses_NormalizedPolyKernel(2)_L': '1.0', 'weka.GaussianProcesses_NormalizedPolyKernel(2)_N': '0', 'weka.GaussianProcesses_NormalizedPolyKernel(2)_K': 'weka.classifiers.functions.supportVector.NormalizedPolyKernel', 'weka.NormalizedPolyKernel(2)_E': '2.0', 'weka.NormalizedPolyKernel(2)_C': '250007', 'weka.CVParameterSelection_ZeroR(2)_X': '10', 'weka.CVParameterSelection_ZeroR(2)_S': '1', 'weka.CVParameterSelection_ZeroR(2)_W': 'weka.classifiers.rules.ZeroR', 'weka.J48(13)_C': '0.25', 'weka.J48(13)_M': '2', 'weka.J48(28)_C': '0.25', 'weka.J48(28)_M': '2', 'weka.REPTree(9)_M': '2', 'weka.REPTree(9)_V': '0.001', 'weka.REPTree(9)_N': '3', 'weka.REPTree(9)_S': '1', 'weka.REPTree(9)_L': '-1', 'weka.REPTree(9)_I': '0.0', 'weka.RandomTree(10)_K': '0', 'weka.RandomTree(10)_M': '1.0', 'weka.RandomTree(10)_V': '0.001', 'weka.RandomTree(10)_S': '1', 'weka.RandomForest(5)_I': '100', 'weka.RandomForest(5)_K': '0', 'weka.RandomForest(5)_S': '1', 'weka.RandomForest(5)_num-slots': '1', 'weka.MultilayerPerceptronCS(1)_H': 'a', 'weka.A1DE(4)_F': '1', 'weka.A1DE(4)_M': '1.0', 'weka.BayesNet_K2(6)_D': 'true', 'weka.BayesNet_K2(6)_Q': 'weka.classifiers.bayes.net.search.local.K2', 'weka.K2(5)_P': '1', 'weka.K2(5)_S': 'BAYES', 'weka.LibSVM(2)_S': '0', 'weka.LibSVM(2)_K': '2', 'weka.LibSVM(2)_D': '3', 'weka.LibSVM(2)_G': '0.0', 'weka.LibSVM(2)_R': '0.0', 'weka.LibSVM(2)_C': '1.0', 'weka.LibSVM(2)_N': '0.5', 'weka.LibSVM(2)_P': '0.1', 'weka.LibSVM(2)_M': '40.0', 'weka.LibSVM(2)_E': '0.001', 'weka.LibSVM(2)_model': '/Users/joa/Downloads/weka-3-7-12', 'weka.LibSVM(2)_seed': '1', 'weka.KernelLogisticRegression_RBFKernel(1)_S': '1', 'weka.KernelLogisticRegression_RBFKernel(1)_K': 'weka.classifiers.functions.supportVector.RBFKernel', 'weka.KernelLogisticRegression_RBFKernel(1)_L': '0.01', 'weka.KernelLogisticRegression_RBFKernel(1)_P': '1', 'weka.KernelLogisticRegression_RBFKernel(1)_E': '1', 'weka.RBFKernel(3)_G': '0.01', 'weka.RBFKernel(3)_C': '250007', 'weka.Bagging_REPTree(8)_P': '100', 'weka.Bagging_REPTree(8)_S': '1', 'weka.Bagging_REPTree(8)_num-slots': '1', 'weka.Bagging_REPTree(8)_I': '10', 'weka.Bagging_REPTree(8)_W': 'weka.classifiers.trees.REPTree', 'weka.ADTree(4)_B': '10', 'weka.ADTree(4)_E': '-3', 'weka.ADTree(4)_S': '1', 'weka.LADTree(4)_B': '10', 'weka.FilteredClassifier_Discretize_J48(4)_F': 'weka.filters.supervised.attribute.Discretize', 'weka.FilteredClassifier_Discretize_J48(4)_W': 'weka.classifiers.trees.J48', 'weka.Discretize(3)_R': 'first-last', 'weka.Discretize(3)_precision': '6', 'weka.RandomForest(8)_K': '0', 'weka.RandomForest(8)_S': '1', 'weka.RandomForest(8)_num-slots': '1'}",0.1
16,285,59,"{'weka.JRip(1)_F': '3', 'weka.JRip(1)_N': '2.0', 'weka.JRip(1)_O': '2', 'weka.JRip(1)_S': '1'}",0.808
16,324,62,{},0.1945
16,508,72,"{'weka.RBFKernel(1)_C': '250007', 'weka.RBFKernel(1)_G': '0.01', 'weka.SMO_RBFKernel(1)_C': '1.0', 'weka.SMO_RBFKernel(1)_K': 'weka.classifiers.functions.supportVector.RBFKernel', 'weka.SMO_RBFKernel(1)_L': '0.001', 'weka.SMO_RBFKernel(1)_N': '0', 'weka.SMO_RBFKernel(1)_P': '1.0E-12', 'weka.SMO_RBFKernel(1)_V': '-1', 'weka.SMO_RBFKernel(1)_W': '1'}",0.927
16,522,76,"{'weka.Bagging_REPTree(1)_I': '10', 'weka.Bagging_REPTree(1)_P': '100', 'weka.Bagging_REPTree(1)_S': '1', 'weka.Bagging_REPTree(1)_W': 'weka.classifiers.trees.REPTree', 'weka.Bagging_REPTree(1)_num-slots': '1', 'weka.REPTree(1)_I': '0.0', 'weka.REPTree(1)_L': '-1', 'weka.REPTree(1)_M': '2', 'weka.REPTree(1)_N': '3', 'weka.REPTree(1)_S': '1', 'weka.REPTree(1)_V': '0.001'}",0.8735
16,592,70,"{'weka.PolyKernel(1)_C': '250007', 'weka.PolyKernel(1)_E': '1.0', 'weka.SMO_PolyKernel(1)_C': '1.0', 'weka.SMO_PolyKernel(1)_K': 'weka.classifiers.functions.supportVector.PolyKernel', 'weka.SMO_PolyKernel(1)_L': '0.001', 'weka.SMO_PolyKernel(1)_N': '0', 'weka.SMO_PolyKernel(1)_P': '1.0E-12', 'weka.SMO_PolyKernel(1)_V': '-1', 'weka.SMO_PolyKernel(1)_W': '1'}",0.9635
16,54749,707,{},0.968
16,65342,707,{},0.968
16,168993,1068,"{'weka.J48(28)_C': '0.25', 'weka.J48(28)_M': '2'}",0.8095
16,169307,1069,{},0.1
16,169639,1070,"{'weka.Ridor(3)_F': '3', 'weka.Ridor(3)_S': '1', 'weka.Ridor(3)_N': '2.0'}",0.8055
16,173207,1071,{'weka.OneR(17)_B': '6'},0.3005
16,175854,1073,"{'weka.PART(3)_C': '0.25', 'weka.PART(3)_M': '2', 'weka.PART(3)_Q': '1'}",0.8455
16,178100,1074,"{'weka.OLM(3)_R': '0', 'weka.OLM(3)_C': '1', 'weka.OLM(3)_U': '0'}",0.106
16,196631,1179,"{'weka.RBFKernel(3)_G': '0.01', 'weka.RBFKernel(3)_C': '250007', 'weka.SMO_RBFKernel(3)_C': '1.0', 'weka.SMO_RBFKernel(3)_N': '0', 'weka.SMO_RBFKernel(3)_L': '0.001', 'weka.SMO_RBFKernel(3)_P': '1.0E-12', 'weka.SMO_RBFKernel(3)_V': '-1', 'weka.SMO_RBFKernel(3)_W': '1', 'weka.SMO_RBFKernel(3)_K': 'weka.classifiers.functions.supportVector.RBFKernel'}",0.927
16,568508,1720,"{'weka.J48(33)_C': '0.25', 'weka.J48(33)_M': '2'}",0.8095
16,568601,1721,"{'weka.IBk(7)_K': '1', 'weka.IBk(7)_W': '0', 'weka.IBk(7)_A': 'true'}",0.964
16,568651,1724,"{'weka.REPTree(15)_M': '2', 'weka.REPTree(15)_V': '0.001', 'weka.REPTree(15)_N': '3', 'weka.REPTree(15)_S': '1', 'weka.REPTree(15)_L': '-1', 'weka.REPTree(15)_I': '0.0'}",0.773
16,568745,1726,"{'weka.RandomForest(9)_I': '100', 'weka.RandomForest(9)_K': '0', 'weka.RandomForest(9)_S': '1', 'weka.RandomForest(9)_num-slots': '1'}",0.961
16,568827,1728,"{'weka.HoeffdingTree(4)_L': '2', 'weka.HoeffdingTree(4)_S': '1', 'weka.HoeffdingTree(4)_E': '1.0E-7', 'weka.HoeffdingTree(4)_H': '0.05', 'weka.HoeffdingTree(4)_M': '0.01', 'weka.HoeffdingTree(4)_G': '200.0', 'weka.HoeffdingTree(4)_N': '0.0'}",0.935
16,568878,1730,"{'weka.JRip(5)_F': '3', 'weka.JRip(5)_N': '2.0', 'weka.JRip(5)_O': '2', 'weka.JRip(5)_S': '1'}",0.809
16,568997,1745,{},0.935
16,569161,1805,"{'weka.Logistic(6)_R': '1.0E-8', 'weka.Logistic(6)_M': '-1'}",0.896
16,569200,2228,"{'weka.PolyKernel(9)_E': '1.0', 'weka.PolyKernel(9)_C': '250007', 'weka.SMO_PolyKernel(11)_C': '1.0', 'weka.SMO_PolyKernel(11)_N': '0', 'weka.SMO_PolyKernel(11)_L': '0.001', 'weka.SMO_PolyKernel(11)_P': '1.0E-12', 'weka.SMO_PolyKernel(11)_V': '-1', 'weka.SMO_PolyKernel(11)_W': '1', 'weka.SMO_PolyKernel(11)_K': 'weka.classifiers.functions.supportVector.PolyKernel'}",0.9635
16,569291,1721,"{'weka.IBk(7)_K': '5', 'weka.IBk(7)_W': '0', 'weka.IBk(7)_A': 'true'}",0.96
16,569373,1721,"{'weka.IBk(7)_K': '10', 'weka.IBk(7)_W': '0', 'weka.IBk(7)_A': 'true'}",0.952
16,569459,3568,"{'weka.IBk(7)_K': '1', 'weka.IBk(7)_W': '0', 'weka.IBk(7)_A': 'true', 'weka.AttributeSelectedClassifier_IBk(1)_E': 'weka.attributeSelection.CfsSubsetEval -P 1 -E 1', 'weka.AttributeSelectedClassifier_IBk(1)_S': 'weka.attributeSelection.BestFirst -D 1 -N 5', 'weka.AttributeSelectedClassifier_IBk(1)_W': 'weka.classifiers.lazy.IBk'}",0.965
16,569538,3569,"{'weka.AttributeSelectedClassifier_NaiveBayes(1)_E': 'weka.attributeSelection.CfsSubsetEval -P 1 -E 1', 'weka.AttributeSelectedClassifier_NaiveBayes(1)_S': 'weka.attributeSelection.BestFirst -D 1 -N 5', 'weka.AttributeSelectedClassifier_NaiveBayes(1)_W': 'weka.classifiers.bayes.NaiveBayes'}",0.938
16,569619,3548,"{'weka.RandomForest(9)_I': '100', 'weka.RandomForest(9)_K': '0', 'weka.RandomForest(9)_S': '1', 'weka.RandomForest(9)_num-slots': '1', 'weka.AttributeSelectedClassifier_RandomForest(1)_E': 'weka.attributeSelection.CfsSubsetEval -P 1 -E 1', 'weka.AttributeSelectedClassifier_RandomForest(1)_S': 'weka.attributeSelection.BestFirst -D 1 -N 5', 'weka.AttributeSelectedClassifier_RandomForest(1)_W': 'weka.classifiers.trees.RandomForest'}",0.9595
16,569711,3570,"{'weka.HoeffdingTree(4)_L': '2', 'weka.HoeffdingTree(4)_S': '1', 'weka.HoeffdingTree(4)_E': '1.0E-7', 'weka.HoeffdingTree(4)_H': '0.05', 'weka.HoeffdingTree(4)_M': '0.01', 'weka.HoeffdingTree(4)_G': '200.0', 'weka.HoeffdingTree(4)_N': '0.0', 'weka.AttributeSelectedClassifier_HoeffdingTree(1)_E': 'weka.attributeSelection.CfsSubsetEval -P 1 -E 1', 'weka.AttributeSelectedClassifier_HoeffdingTree(1)_S': 'weka.attributeSelection.BestFirst -D 1 -N 5', 'weka.AttributeSelectedClassifier_HoeffdingTree(1)_W': 'weka.classifiers.trees.HoeffdingTree'}",0.938
16,569799,3571,"{'weka.REPTree(15)_M': '2', 'weka.REPTree(15)_V': '0.001', 'weka.REPTree(15)_N': '3', 'weka.REPTree(15)_S': '1', 'weka.REPTree(15)_L': '-1', 'weka.REPTree(15)_I': '0.0', 'weka.AttributeSelectedClassifier_REPTree(1)_E': 'weka.attributeSelection.CfsSubsetEval -P 1 -E 1', 'weka.AttributeSelectedClassifier_REPTree(1)_S': 'weka.attributeSelection.BestFirst -D 1 -N 5', 'weka.AttributeSelectedClassifier_REPTree(1)_W': 'weka.classifiers.trees.REPTree'}",0.7735
16,569966,3568,"{'weka.IBk(7)_K': '5', 'weka.IBk(7)_W': '0', 'weka.IBk(7)_A': 'true', 'weka.AttributeSelectedClassifier_IBk(1)_E': 'weka.attributeSelection.CfsSubsetEval -P 1 -E 1', 'weka.AttributeSelectedClassifier_IBk(1)_S': 'weka.attributeSelection.BestFirst -D 1 -N 5', 'weka.AttributeSelectedClassifier_IBk(1)_W': 'weka.classifiers.lazy.IBk'}",0.9635
16,570049,3568,"{'weka.IBk(7)_K': '10', 'weka.IBk(7)_W': '0', 'weka.IBk(7)_A': 'true', 'weka.AttributeSelectedClassifier_IBk(1)_E': 'weka.attributeSelection.CfsSubsetEval -P 1 -E 1', 'weka.AttributeSelectedClassifier_IBk(1)_S': 'weka.attributeSelection.BestFirst -D 1 -N 5', 'weka.AttributeSelectedClassifier_IBk(1)_W': 'weka.classifiers.lazy.IBk'}",0.9595
16,570133,1721,"{'weka.IBk(7)_K': '2', 'weka.IBk(7)_W': '0', 'weka.IBk(7)_A': 'true'}",0.947
16,570219,3568,"{'weka.IBk(7)_K': '2', 'weka.IBk(7)_W': '0', 'weka.IBk(7)_A': 'true', 'weka.AttributeSelectedClassifier_IBk(1)_E': 'weka.attributeSelection.CfsSubsetEval -P 1 -E 1', 'weka.AttributeSelectedClassifier_IBk(1)_S': 'weka.attributeSelection.BestFirst -D 1 -N 5', 'weka.AttributeSelectedClassifier_IBk(1)_W': 'weka.classifiers.lazy.IBk'}",0.9495
16,570297,1820,"{'weka.MultilayerPerceptron(4)_L': '0.3', 'weka.MultilayerPerceptron(4)_M': '0.2', 'weka.MultilayerPerceptron(4)_N': '500', 'weka.MultilayerPerceptron(4)_V': '0', 'weka.MultilayerPerceptron(4)_S': '0', 'weka.MultilayerPerceptron(4)_E': '20', 'weka.MultilayerPerceptron(4)_H': '1'}",0.396
16,570380,2267,"{'weka.AdaBoostM1_DecisionStump(14)_P': '100', 'weka.AdaBoostM1_DecisionStump(14)_S': '1', 'weka.AdaBoostM1_DecisionStump(14)_I': '100', 'weka.AdaBoostM1_DecisionStump(14)_W': 'weka.classifiers.trees.DecisionStump'}",0.1945
16,570548,3554,"{'weka.MultilayerPerceptron(4)_L': '0.3', 'weka.MultilayerPerceptron(4)_M': '0.2', 'weka.MultilayerPerceptron(4)_N': '500', 'weka.MultilayerPerceptron(4)_V': '0', 'weka.MultilayerPerceptron(4)_S': '0', 'weka.MultilayerPerceptron(4)_E': '20', 'weka.MultilayerPerceptron(4)_H': '1', 'weka.AttributeSelectedClassifier_MultilayerPerceptron(1)_E': 'weka.attributeSelection.CfsSubsetEval -P 1 -E 1', 'weka.AttributeSelectedClassifier_MultilayerPerceptron(1)_S': 'weka.attributeSelection.BestFirst -D 1 -N 5', 'weka.AttributeSelectedClassifier_MultilayerPerceptron(1)_W': 'weka.classifiers.functions.MultilayerPerceptron'}",0.3895
16,573306,1718,{},0.1
16,573334,1719,{'weka.OneR(18)_B': '6'},0.3005
16,573374,1720,"{'weka.J48(33)_C': '0.25', 'weka.J48(33)_M': '1'}",0.8165
16,573422,1725,"{'weka.RandomTree(11)_K': '0', 'weka.RandomTree(11)_M': '1.0', 'weka.RandomTree(11)_V': '0.001', 'weka.RandomTree(11)_S': '1'}",0.731
16,573466,1727,"{'weka.LMT(4)_I': '-1', 'weka.LMT(4)_M': '15', 'weka.LMT(4)_W': '0.0'}",0.9525
16,573491,1729,{},0.1945
16,573526,1726,"{'weka.RandomForest(9)_I': '200', 'weka.RandomForest(9)_K': '0', 'weka.RandomForest(9)_S': '1', 'weka.RandomForest(9)_num-slots': '6', 'weka.RandomForest(9)_num-decimal-places': '3'}",0.9635
16,573565,1724,"{'weka.REPTree(15)_M': '2', 'weka.REPTree(15)_V': '0.001', 'weka.REPTree(15)_N': '3', 'weka.REPTree(15)_S': '1', 'weka.REPTree(15)_L': '3', 'weka.REPTree(15)_I': '0.0', 'weka.REPTree(15)_num-decimal-places': '1'}",0.5265
16,573607,1880,{},0.935
16,573645,1789,"{'weka.PART(4)_C': '0.25', 'weka.PART(4)_M': '2', 'weka.PART(4)_Q': '1'}",0.8455
16,573682,1726,"{'weka.RandomForest(9)_I': '201', 'weka.RandomForest(9)_K': '0', 'weka.RandomForest(9)_S': '1', 'weka.RandomForest(9)_num-slots': '7', 'weka.RandomForest(9)_num-decimal-places': '3'}",0.963
16,573684,1726,"{'weka.RandomForest(9)_I': '201', 'weka.RandomForest(9)_K': '0', 'weka.RandomForest(9)_S': '1', 'weka.RandomForest(9)_num-slots': '7', 'weka.RandomForest(9)_num-decimal-places': '3'}",0.963
16,573723,1720,"{'weka.J48(33)_C': '0.25', 'weka.J48(33)_M': '2', 'weka.J48(33)_num-decimal-places': '4'}",0.8095
16,573769,1724,"{'weka.REPTree(15)_M': '2', 'weka.REPTree(15)_V': '1.0E-4', 'weka.REPTree(15)_N': '3', 'weka.REPTree(15)_S': '1', 'weka.REPTree(15)_L': '-1', 'weka.REPTree(15)_I': '0.0'}",0.773
16,573806,1718,{'weka.ZeroR(9)_num-decimal-places': '3'},0.1
16,573845,1725,"{'weka.RandomTree(11)_K': '0', 'weka.RandomTree(11)_M': '1.0', 'weka.RandomTree(11)_V': '0.001', 'weka.RandomTree(11)_S': '1', 'weka.RandomTree(11)_num-decimal-places': '4'}",0.731
16,573884,1725,"{'weka.RandomTree(11)_K': '0', 'weka.RandomTree(11)_M': '1.0', 'weka.RandomTree(11)_V': '1.0E-4', 'weka.RandomTree(11)_S': '1', 'weka.RandomTree(11)_num-decimal-places': '4'}",0.731
16,573923,1724,"{'weka.REPTree(15)_M': '2', 'weka.REPTree(15)_V': '0.001', 'weka.REPTree(15)_N': '3', 'weka.REPTree(15)_S': '1123', 'weka.REPTree(15)_L': '10', 'weka.REPTree(15)_I': '0.0', 'weka.REPTree(15)_num-decimal-places': '3'}",0.787
16,574036,2247,{},0.964
16,574091,2255,{},0.708
16,574145,2256,"{'weka.Ridor(4)_F': '3', 'weka.Ridor(4)_S': '1', 'weka.Ridor(4)_N': '2.0'}",0.8055
16,574170,2257,"{'weka.OLM(4)_R': '0', 'weka.OLM(4)_C': '1', 'weka.OLM(4)_U': '0'}",0.106
16,574213,2258,"{'weka.FURIA(2)_F': '3', 'weka.FURIA(2)_N': '2.0', 'weka.FURIA(2)_O': '2', 'weka.FURIA(2)_S': '1', 'weka.FURIA(2)_s': '0', 'weka.FURIA(2)_p': '0'}",0.878
16,574246,3903,"{'weka.DecisionTable(1)_S': 'weka.attributeSelection.BestFirst -D 1 -N 5', 'weka.DecisionTable(1)_X': '1'}",0.632
16,574287,2261,"{'weka.ConjunctiveRule(4)_N': '3', 'weka.ConjunctiveRule(4)_M': '2.0', 'weka.ConjunctiveRule(4)_P': '-1', 'weka.ConjunctiveRule(4)_S': '1'}",0.1915
16,574326,2264,{'weka.LADTree(7)_B': '10'},0.769
16,574405,2267,"{'weka.AdaBoostM1_DecisionStump(14)_P': '100', 'weka.AdaBoostM1_DecisionStump(14)_S': '1', 'weka.AdaBoostM1_DecisionStump(14)_I': '10', 'weka.AdaBoostM1_DecisionStump(14)_W': 'weka.classifiers.trees.DecisionStump'}",0.1945
16,574441,2268,"{'weka.J48(33)_C': '0.25', 'weka.J48(33)_M': '2', 'weka.AdaBoostM1_J48(3)_P': '100', 'weka.AdaBoostM1_J48(3)_S': '1', 'weka.AdaBoostM1_J48(3)_I': '10', 'weka.AdaBoostM1_J48(3)_W': 'weka.classifiers.trees.J48'}",0.929
16,574483,2094,"{'weka.REPTree(15)_M': '2', 'weka.REPTree(15)_V': '0.001', 'weka.REPTree(15)_N': '3', 'weka.REPTree(15)_S': '1', 'weka.REPTree(15)_L': '-1', 'weka.REPTree(15)_I': '0.0', 'weka.AdaBoostM1_REPTree(4)_P': '100', 'weka.AdaBoostM1_REPTree(4)_S': '1', 'weka.AdaBoostM1_REPTree(4)_I': '10', 'weka.AdaBoostM1_REPTree(4)_W': 'weka.classifiers.trees.REPTree'}",0.9175
16,574522,2058,"{'weka.REPTree(15)_M': '2', 'weka.REPTree(15)_V': '0.001', 'weka.REPTree(15)_N': '3', 'weka.REPTree(15)_S': '1', 'weka.REPTree(15)_L': '-1', 'weka.REPTree(15)_I': '0.0', 'weka.Bagging_REPTree(17)_P': '100', 'weka.Bagging_REPTree(17)_S': '1', 'weka.Bagging_REPTree(17)_num-slots': '1', 'weka.Bagging_REPTree(17)_I': '10', 'weka.Bagging_REPTree(17)_W': 'weka.classifiers.trees.REPTree'}",0.8735
16,574562,2269,"{'weka.J48(33)_C': '0.25', 'weka.J48(33)_M': '2', 'weka.Bagging_J48(5)_P': '100', 'weka.Bagging_J48(5)_S': '1', 'weka.Bagging_J48(5)_num-slots': '1', 'weka.Bagging_J48(5)_I': '10', 'weka.Bagging_J48(5)_W': 'weka.classifiers.trees.J48'}",0.901
16,574603,2136,"{'weka.JRip(5)_F': '3', 'weka.JRip(5)_N': '2.0', 'weka.JRip(5)_O': '2', 'weka.JRip(5)_S': '1', 'weka.Bagging_JRip(3)_P': '100', 'weka.Bagging_JRip(3)_S': '1', 'weka.Bagging_JRip(3)_num-slots': '1', 'weka.Bagging_JRip(3)_I': '10', 'weka.Bagging_JRip(3)_W': 'weka.classifiers.rules.JRip'}",0.931
16,574634,2270,"{'weka.Bagging_HyperPipes(1)_P': '100', 'weka.Bagging_HyperPipes(1)_S': '1', 'weka.Bagging_HyperPipes(1)_num-slots': '1', 'weka.Bagging_HyperPipes(1)_I': '10', 'weka.Bagging_HyperPipes(1)_W': 'weka.classifiers.misc.HyperPipes'}",0.8265
16,574677,3903,"{'weka.DecisionTable(1)_S': 'weka.attributeSelection.BestFirst -D 1 -N 5', 'weka.DecisionTable(1)_X': '1'}",0.632
16,574721,3903,"{'weka.DecisionTable(1)_S': 'weka.attributeSelection.BestFirst -D 1 -N 5', 'weka.DecisionTable(1)_X': '1'}",0.632
16,574761,3903,"{'weka.DecisionTable(1)_S': 'weka.attributeSelection.BestFirst -D 1 -N 5', 'weka.DecisionTable(1)_X': '1'}",0.632
16,574803,3903,"{'weka.DecisionTable(1)_S': 'weka.attributeSelection.BestFirst -D 1 -N 5', 'weka.DecisionTable(1)_X': '1'}",0.632
16,574844,3903,"{'weka.DecisionTable(1)_S': 'weka.attributeSelection.BestFirst -D 1 -N 5', 'weka.DecisionTable(1)_X': '1'}",0.632
16,574885,3903,"{'weka.DecisionTable(1)_S': 'weka.attributeSelection.BestFirst -D 1 -N 5', 'weka.DecisionTable(1)_X': '1'}",0.632
16,574926,3903,"{'weka.DecisionTable(1)_S': 'weka.attributeSelection.BestFirst -D 1 -N 5', 'weka.DecisionTable(1)_X': '1'}",0.632
16,574965,3903,"{'weka.DecisionTable(1)_S': 'weka.attributeSelection.BestFirst -D 1 -N 5', 'weka.DecisionTable(1)_X': '1'}",0.632
16,575006,3903,"{'weka.DecisionTable(1)_S': 'weka.attributeSelection.BestFirst -D 1 -N 5', 'weka.DecisionTable(1)_X': '1'}",0.632
16,575046,3903,"{'weka.DecisionTable(1)_S': 'weka.attributeSelection.BestFirst -D 1 -N 5', 'weka.DecisionTable(1)_X': '1'}",0.632
16,575084,3903,"{'weka.DecisionTable(1)_S': 'weka.attributeSelection.BestFirst -D 1 -N 5', 'weka.DecisionTable(1)_X': '1'}",0.632
16,575124,3903,"{'weka.DecisionTable(1)_S': 'weka.attributeSelection.BestFirst -D 1 -N 5', 'weka.DecisionTable(1)_X': '1'}",0.632
16,575163,3903,"{'weka.DecisionTable(1)_S': 'weka.attributeSelection.BestFirst -D 1 -N 5', 'weka.DecisionTable(1)_X': '1'}",0.632
16,575204,3903,"{'weka.DecisionTable(1)_S': 'weka.attributeSelection.BestFirst -D 1 -N 5', 'weka.DecisionTable(1)_X': '1'}",0.632
16,575246,3903,"{'weka.DecisionTable(1)_S': 'weka.attributeSelection.BestFirst -D 1 -N 5', 'weka.DecisionTable(1)_X': '1'}",0.632
16,575285,3903,"{'weka.DecisionTable(1)_S': 'weka.attributeSelection.BestFirst -D 1 -N 5', 'weka.DecisionTable(1)_X': '1'}",0.632
16,575325,3903,"{'weka.DecisionTable(1)_S': 'weka.attributeSelection.BestFirst -D 1 -N 5', 'weka.DecisionTable(1)_X': '1'}",0.632
16,575364,3903,"{'weka.DecisionTable(1)_S': 'weka.attributeSelection.BestFirst -D 1 -N 5', 'weka.DecisionTable(1)_X': '1'}",0.632
16,575406,3903,"{'weka.DecisionTable(1)_S': 'weka.attributeSelection.BestFirst -D 1 -N 5', 'weka.DecisionTable(1)_X': '1'}",0.632
16,575445,3903,"{'weka.DecisionTable(1)_S': 'weka.attributeSelection.BestFirst -D 1 -N 5', 'weka.DecisionTable(1)_X': '1'}",0.632
16,575494,3897,"{'weka.AttributeSelectedClassifier_ZeroR(1)_E': 'weka.attributeSelection.CfsSubsetEval -P 1 -E 1', 'weka.AttributeSelectedClassifier_ZeroR(1)_S': 'weka.attributeSelection.BestFirst -D 1 -N 5', 'weka.AttributeSelectedClassifier_ZeroR(1)_W': 'weka.classifiers.rules.ZeroR'}",0.1
16,575540,3898,"{'weka.OneR(18)_B': '6', 'weka.AttributeSelectedClassifier_OneR(1)_E': 'weka.attributeSelection.CfsSubsetEval -P 1 -E 1', 'weka.AttributeSelectedClassifier_OneR(1)_S': 'weka.attributeSelection.BestFirst -D 1 -N 5', 'weka.AttributeSelectedClassifier_OneR(1)_W': 'weka.classifiers.rules.OneR'}",0.3005
16,575579,3899,"{'weka.AttributeSelectedClassifier_AdaBoostM1_DecisionStump(1)_E': 'weka.attributeSelection.CfsSubsetEval -P 1 -E 1', 'weka.AttributeSelectedClassifier_AdaBoostM1_DecisionStump(1)_S': 'weka.attributeSelection.BestFirst -D 1 -N 5', 'weka.AttributeSelectedClassifier_AdaBoostM1_DecisionStump(1)_W': 'weka.classifiers.meta.AdaBoostM1', 'weka.AdaBoostM1_DecisionStump(16)_P': '100', 'weka.AdaBoostM1_DecisionStump(16)_S': '1', 'weka.AdaBoostM1_DecisionStump(16)_I': '10', 'weka.AdaBoostM1_DecisionStump(16)_W': 'weka.classifiers.trees.DecisionStump'}",0.1945
16,575619,3901,"{'weka.REPTree(15)_M': '2', 'weka.REPTree(15)_V': '0.001', 'weka.REPTree(15)_N': '3', 'weka.REPTree(15)_S': '1', 'weka.REPTree(15)_L': '-1', 'weka.REPTree(15)_I': '0.0', 'weka.AttributeSelectedClassifier_Bagging_REPTree(1)_E': 'weka.attributeSelection.CfsSubsetEval -P 1 -E 1', 'weka.AttributeSelectedClassifier_Bagging_REPTree(1)_S': 'weka.attributeSelection.BestFirst -D 1 -N 5', 'weka.AttributeSelectedClassifier_Bagging_REPTree(1)_W': 'weka.classifiers.meta.Bagging', 'weka.Bagging_REPTree(22)_P': '100', 'weka.Bagging_REPTree(22)_S': '1', 'weka.Bagging_REPTree(22)_num-slots': '1', 'weka.Bagging_REPTree(22)_I': '10', 'weka.Bagging_REPTree(22)_W': 'weka.classifiers.trees.REPTree'}",0.8735
16,575671,3903,"{'weka.DecisionTable(1)_S': 'weka.attributeSelection.BestFirst -D 1 -N 5', 'weka.DecisionTable(1)_X': '1'}",0.632
16,575735,3904,"{'weka.AttributeSelectedClassifier_BayesNet(1)_E': 'weka.attributeSelection.CfsSubsetEval -P 1 -E 1', 'weka.AttributeSelectedClassifier_BayesNet(1)_S': 'weka.attributeSelection.BestFirst -D 1 -N 5', 'weka.AttributeSelectedClassifier_BayesNet(1)_W': 'weka.classifiers.bayes.BayesNet', 'weka.BayesNet(1)_D': 'true', 'weka.BayesNet(1)_Q': 'weka.classifiers.bayes.net.search.local.K2'}",0.9275
16,575774,3558,"{'weka.PolyKernel(9)_E': '1.0', 'weka.PolyKernel(9)_C': '250007', 'weka.AttributeSelectedClassifier_SMO_PolyKernel(1)_E': 'weka.attributeSelection.CfsSubsetEval -P 1 -E 1', 'weka.AttributeSelectedClassifier_SMO_PolyKernel(1)_S': 'weka.attributeSelection.BestFirst -D 1 -N 5', 'weka.AttributeSelectedClassifier_SMO_PolyKernel(1)_W': 'weka.classifiers.functions.SMO', 'weka.SMO_PolyKernel(14)_C': '1.0', 'weka.SMO_PolyKernel(14)_N': '0', 'weka.SMO_PolyKernel(14)_L': '0.001', 'weka.SMO_PolyKernel(14)_P': '1.0E-12', 'weka.SMO_PolyKernel(14)_V': '-1', 'weka.SMO_PolyKernel(14)_W': '1', 'weka.SMO_PolyKernel(14)_K': 'weka.classifiers.functions.supportVector.PolyKernel'}",0.9655
16,575810,3906,"{'weka.RBFKernel(4)_G': '0.01', 'weka.RBFKernel(4)_C': '250007', 'weka.AttributeSelectedClassifier_SMO_RBFKernel(1)_E': 'weka.attributeSelection.CfsSubsetEval -P 1 -E 1', 'weka.AttributeSelectedClassifier_SMO_RBFKernel(1)_S': 'weka.attributeSelection.BestFirst -D 1 -N 5', 'weka.AttributeSelectedClassifier_SMO_RBFKernel(1)_W': 'weka.classifiers.functions.SMO', 'weka.SMO_RBFKernel(6)_C': '1.0', 'weka.SMO_RBFKernel(6)_N': '0', 'weka.SMO_RBFKernel(6)_L': '0.001', 'weka.SMO_RBFKernel(6)_P': '1.0E-12', 'weka.SMO_RBFKernel(6)_V': '-1', 'weka.SMO_RBFKernel(6)_W': '1', 'weka.SMO_RBFKernel(6)_K': 'weka.classifiers.functions.supportVector.RBFKernel'}",0.929
16,575845,3581,"{'weka.JRip(5)_F': '3', 'weka.JRip(5)_N': '2.0', 'weka.JRip(5)_O': '2', 'weka.JRip(5)_S': '1', 'weka.AttributeSelectedClassifier_JRip(1)_E': 'weka.attributeSelection.CfsSubsetEval -P 1 -E 1', 'weka.AttributeSelectedClassifier_JRip(1)_S': 'weka.attributeSelection.BestFirst -D 1 -N 5', 'weka.AttributeSelectedClassifier_JRip(1)_W': 'weka.classifiers.rules.JRip'}",0.801
16,575892,3908,"{'weka.A1DE(28)_F': '1', 'weka.A1DE(28)_M': '1.0', 'weka.AttributeSelectedClassifier_A1DE(1)_E': 'weka.attributeSelection.CfsSubsetEval -P 1 -E 1', 'weka.AttributeSelectedClassifier_A1DE(1)_S': 'weka.attributeSelection.BestFirst -D 1 -N 5', 'weka.AttributeSelectedClassifier_A1DE(1)_W': 'weka.classifiers.bayes.AveragedNDependenceEstimators.A1DE'}",0.9625
16,575934,3909,"{'weka.IBk(7)_K': '1', 'weka.IBk(7)_W': '0', 'weka.IBk(7)_A': 'true', 'weka.AttributeSelectedClassifier_AdaBoostM1_IBk(1)_E': 'weka.attributeSelection.CfsSubsetEval -P 1 -E 1', 'weka.AttributeSelectedClassifier_AdaBoostM1_IBk(1)_S': 'weka.attributeSelection.BestFirst -D 1 -N 5', 'weka.AttributeSelectedClassifier_AdaBoostM1_IBk(1)_W': 'weka.classifiers.meta.AdaBoostM1', 'weka.AdaBoostM1_IBk(5)_P': '100', 'weka.AdaBoostM1_IBk(5)_S': '1', 'weka.AdaBoostM1_IBk(5)_I': '10', 'weka.AdaBoostM1_IBk(5)_W': 'weka.classifiers.lazy.IBk'}",0.965
16,575972,3911,"{'weka.J48(33)_C': '0.25', 'weka.J48(33)_M': '2', 'weka.AttributeSelectedClassifier_AdaBoostM1_J48(1)_E': 'weka.attributeSelection.CfsSubsetEval -P 1 -E 1', 'weka.AttributeSelectedClassifier_AdaBoostM1_J48(1)_S': 'weka.attributeSelection.BestFirst -D 1 -N 5', 'weka.AttributeSelectedClassifier_AdaBoostM1_J48(1)_W': 'weka.classifiers.meta.AdaBoostM1', 'weka.AdaBoostM1_J48(4)_P': '100', 'weka.AdaBoostM1_J48(4)_S': '1', 'weka.AdaBoostM1_J48(4)_I': '10', 'weka.AdaBoostM1_J48(4)_W': 'weka.classifiers.trees.J48'}",0.94
16,576017,3913,"{'weka.LMT(4)_I': '-1', 'weka.LMT(4)_M': '15', 'weka.LMT(4)_W': '0.0', 'weka.AttributeSelectedClassifier_AdaBoostM1_LMT(1)_E': 'weka.attributeSelection.CfsSubsetEval -P 1 -E 1', 'weka.AttributeSelectedClassifier_AdaBoostM1_LMT(1)_S': 'weka.attributeSelection.BestFirst -D 1 -N 5', 'weka.AttributeSelectedClassifier_AdaBoostM1_LMT(1)_W': 'weka.classifiers.meta.AdaBoostM1', 'weka.AdaBoostM1_LMT(3)_P': '100', 'weka.AdaBoostM1_LMT(3)_S': '1', 'weka.AdaBoostM1_LMT(3)_I': '10', 'weka.AdaBoostM1_LMT(3)_W': 'weka.classifiers.trees.LMT'}",0.9505
16,576066,3915,"{'weka.AttributeSelectedClassifier_AdaBoostM1_NaiveBayes(1)_E': 'weka.attributeSelection.CfsSubsetEval -P 1 -E 1', 'weka.AttributeSelectedClassifier_AdaBoostM1_NaiveBayes(1)_S': 'weka.attributeSelection.BestFirst -D 1 -N 5', 'weka.AttributeSelectedClassifier_AdaBoostM1_NaiveBayes(1)_W': 'weka.classifiers.meta.AdaBoostM1', 'weka.AdaBoostM1_NaiveBayes(3)_P': '100', 'weka.AdaBoostM1_NaiveBayes(3)_S': '1', 'weka.AdaBoostM1_NaiveBayes(3)_I': '10', 'weka.AdaBoostM1_NaiveBayes(3)_W': 'weka.classifiers.bayes.NaiveBayes'}",0.9355
16,576109,3917,"{'weka.OneR(18)_B': '6', 'weka.AttributeSelectedClassifier_AdaBoostM1_OneR(1)_E': 'weka.attributeSelection.CfsSubsetEval -P 1 -E 1', 'weka.AttributeSelectedClassifier_AdaBoostM1_OneR(1)_S': 'weka.attributeSelection.BestFirst -D 1 -N 5', 'weka.AttributeSelectedClassifier_AdaBoostM1_OneR(1)_W': 'weka.classifiers.meta.AdaBoostM1', 'weka.AdaBoostM1_OneR(3)_P': '100', 'weka.AdaBoostM1_OneR(3)_S': '1', 'weka.AdaBoostM1_OneR(3)_I': '10', 'weka.AdaBoostM1_OneR(3)_W': 'weka.classifiers.rules.OneR'}",0.2805
16,576156,3919,"{'weka.RandomTree(11)_K': '0', 'weka.RandomTree(11)_M': '1.0', 'weka.RandomTree(11)_V': '0.001', 'weka.RandomTree(11)_S': '1', 'weka.AttributeSelectedClassifier_AdaBoostM1_RandomTree(1)_E': 'weka.attributeSelection.CfsSubsetEval -P 1 -E 1', 'weka.AttributeSelectedClassifier_AdaBoostM1_RandomTree(1)_S': 'weka.attributeSelection.BestFirst -D 1 -N 5', 'weka.AttributeSelectedClassifier_AdaBoostM1_RandomTree(1)_W': 'weka.classifiers.meta.AdaBoostM1', 'weka.AdaBoostM1_RandomTree(3)_P': '100', 'weka.AdaBoostM1_RandomTree(3)_S': '1', 'weka.AdaBoostM1_RandomTree(3)_I': '10', 'weka.AdaBoostM1_RandomTree(3)_W': 'weka.classifiers.trees.RandomTree'}",0.7455
16,576203,3921,"{'weka.REPTree(15)_M': '2', 'weka.REPTree(15)_V': '0.001', 'weka.REPTree(15)_N': '3', 'weka.REPTree(15)_S': '1', 'weka.REPTree(15)_L': '-1', 'weka.REPTree(15)_I': '0.0', 'weka.AttributeSelectedClassifier_AdaBoostM1_REPTree(1)_E': 'weka.attributeSelection.CfsSubsetEval -P 1 -E 1', 'weka.AttributeSelectedClassifier_AdaBoostM1_REPTree(1)_S': 'weka.attributeSelection.BestFirst -D 1 -N 5', 'weka.AttributeSelectedClassifier_AdaBoostM1_REPTree(1)_W': 'weka.classifiers.meta.AdaBoostM1', 'weka.AdaBoostM1_REPTree(11)_P': '100', 'weka.AdaBoostM1_REPTree(11)_S': '1', 'weka.AdaBoostM1_REPTree(11)_I': '10', 'weka.AdaBoostM1_REPTree(11)_W': 'weka.classifiers.trees.REPTree'}",0.923
16,576243,3923,"{'weka.AttributeSelectedClassifier_Bagging_DecisionStump(1)_E': 'weka.attributeSelection.CfsSubsetEval -P 1 -E 1', 'weka.AttributeSelectedClassifier_Bagging_DecisionStump(1)_S': 'weka.attributeSelection.BestFirst -D 1 -N 5', 'weka.AttributeSelectedClassifier_Bagging_DecisionStump(1)_W': 'weka.classifiers.meta.Bagging', 'weka.Bagging_DecisionStump(4)_P': '100', 'weka.Bagging_DecisionStump(4)_S': '1', 'weka.Bagging_DecisionStump(4)_num-slots': '1', 'weka.Bagging_DecisionStump(4)_I': '10', 'weka.Bagging_DecisionStump(4)_W': 'weka.classifiers.trees.DecisionStump'}",0.198
16,576283,3925,"{'weka.IBk(7)_K': '1', 'weka.IBk(7)_W': '0', 'weka.IBk(7)_A': 'true', 'weka.AttributeSelectedClassifier_Bagging_IBk(1)_E': 'weka.attributeSelection.CfsSubsetEval -P 1 -E 1', 'weka.AttributeSelectedClassifier_Bagging_IBk(1)_S': 'weka.attributeSelection.BestFirst -D 1 -N 5', 'weka.AttributeSelectedClassifier_Bagging_IBk(1)_W': 'weka.classifiers.meta.Bagging', 'weka.Bagging_IBk(4)_P': '100', 'weka.Bagging_IBk(4)_S': '1', 'weka.Bagging_IBk(4)_num-slots': '1', 'weka.Bagging_IBk(4)_I': '10', 'weka.Bagging_IBk(4)_W': 'weka.classifiers.lazy.IBk'}",0.964
16,576318,3927,"{'weka.J48(33)_C': '0.25', 'weka.J48(33)_M': '2', 'weka.AttributeSelectedClassifier_Bagging_J48(1)_E': 'weka.attributeSelection.CfsSubsetEval -P 1 -E 1', 'weka.AttributeSelectedClassifier_Bagging_J48(1)_S': 'weka.attributeSelection.BestFirst -D 1 -N 5', 'weka.AttributeSelectedClassifier_Bagging_J48(1)_W': 'weka.classifiers.meta.Bagging', 'weka.Bagging_J48(7)_P': '100', 'weka.Bagging_J48(7)_S': '1', 'weka.Bagging_J48(7)_num-slots': '1', 'weka.Bagging_J48(7)_I': '10', 'weka.Bagging_J48(7)_W': 'weka.classifiers.trees.J48'}",0.8995
16,576361,3929,"{'weka.JRip(5)_F': '3', 'weka.JRip(5)_N': '2.0', 'weka.JRip(5)_O': '2', 'weka.JRip(5)_S': '1', 'weka.AttributeSelectedClassifier_Bagging_JRip(1)_E': 'weka.attributeSelection.CfsSubsetEval -P 1 -E 1', 'weka.AttributeSelectedClassifier_Bagging_JRip(1)_S': 'weka.attributeSelection.BestFirst -D 1 -N 5', 'weka.AttributeSelectedClassifier_Bagging_JRip(1)_W': 'weka.classifiers.meta.Bagging', 'weka.Bagging_JRip(4)_P': '100', 'weka.Bagging_JRip(4)_S': '1', 'weka.Bagging_JRip(4)_num-slots': '1', 'weka.Bagging_JRip(4)_I': '10', 'weka.Bagging_JRip(4)_W': 'weka.classifiers.rules.JRip'}",0.9315
16,576529,3931,"{'weka.LMT(4)_I': '-1', 'weka.LMT(4)_M': '15', 'weka.LMT(4)_W': '0.0', 'weka.AttributeSelectedClassifier_Bagging_LMT(1)_E': 'weka.attributeSelection.CfsSubsetEval -P 1 -E 1', 'weka.AttributeSelectedClassifier_Bagging_LMT(1)_S': 'weka.attributeSelection.BestFirst -D 1 -N 5', 'weka.AttributeSelectedClassifier_Bagging_LMT(1)_W': 'weka.classifiers.meta.Bagging', 'weka.Bagging_LMT(3)_P': '100', 'weka.Bagging_LMT(3)_S': '1', 'weka.Bagging_LMT(3)_num-slots': '1', 'weka.Bagging_LMT(3)_I': '10', 'weka.Bagging_LMT(3)_W': 'weka.classifiers.trees.LMT'}",0.962
16,576584,3933,"{'weka.AttributeSelectedClassifier_Bagging_LWL_DecisionStump(1)_E': 'weka.attributeSelection.CfsSubsetEval -P 1 -E 1', 'weka.AttributeSelectedClassifier_Bagging_LWL_DecisionStump(1)_S': 'weka.attributeSelection.BestFirst -D 1 -N 5', 'weka.AttributeSelectedClassifier_Bagging_LWL_DecisionStump(1)_W': 'weka.classifiers.meta.Bagging', 'weka.Bagging_LWL_DecisionStump(3)_P': '100', 'weka.Bagging_LWL_DecisionStump(3)_S': '1', 'weka.Bagging_LWL_DecisionStump(3)_num-slots': '1', 'weka.Bagging_LWL_DecisionStump(3)_I': '10', 'weka.Bagging_LWL_DecisionStump(3)_W': 'weka.classifiers.lazy.LWL', 'weka.LWL_DecisionStump(4)_A': 'true', 'weka.LWL_DecisionStump(4)_K': '-1', 'weka.LWL_DecisionStump(4)_U': '0', 'weka.LWL_DecisionStump(4)_W': 'weka.classifiers.trees.DecisionStump'}",0.67
16,576598,3936,"{'weka.AttributeSelectedClassifier_Bagging_NaiveBayes(1)_E': 'weka.attributeSelection.CfsSubsetEval -P 1 -E 1', 'weka.AttributeSelectedClassifier_Bagging_NaiveBayes(1)_S': 'weka.attributeSelection.BestFirst -D 1 -N 5', 'weka.AttributeSelectedClassifier_Bagging_NaiveBayes(1)_W': 'weka.classifiers.meta.Bagging', 'weka.Bagging_NaiveBayes(10)_P': '100', 'weka.Bagging_NaiveBayes(10)_S': '1', 'weka.Bagging_NaiveBayes(10)_num-slots': '1', 'weka.Bagging_NaiveBayes(10)_I': '10', 'weka.Bagging_NaiveBayes(10)_W': 'weka.classifiers.bayes.NaiveBayes'}",0.9395
16,576639,3938,"{'weka.OneR(18)_B': '6', 'weka.AttributeSelectedClassifier_Bagging_OneR(1)_E': 'weka.attributeSelection.CfsSubsetEval -P 1 -E 1', 'weka.AttributeSelectedClassifier_Bagging_OneR(1)_S': 'weka.attributeSelection.BestFirst -D 1 -N 5', 'weka.AttributeSelectedClassifier_Bagging_OneR(1)_W': 'weka.classifiers.meta.Bagging', 'weka.Bagging_OneR(13)_P': '100', 'weka.Bagging_OneR(13)_S': '1', 'weka.Bagging_OneR(13)_num-slots': '1', 'weka.Bagging_OneR(13)_I': '10', 'weka.Bagging_OneR(13)_W': 'weka.classifiers.rules.OneR'}",0.31
16,576680,3940,"{'weka.RandomTree(11)_K': '0', 'weka.RandomTree(11)_M': '1.0', 'weka.RandomTree(11)_V': '0.001', 'weka.RandomTree(11)_S': '1', 'weka.AttributeSelectedClassifier_Bagging_RandomTree(1)_E': 'weka.attributeSelection.CfsSubsetEval -P 1 -E 1', 'weka.AttributeSelectedClassifier_Bagging_RandomTree(1)_S': 'weka.attributeSelection.BestFirst -D 1 -N 5', 'weka.AttributeSelectedClassifier_Bagging_RandomTree(1)_W': 'weka.classifiers.meta.Bagging', 'weka.Bagging_RandomTree(10)_P': '100', 'weka.Bagging_RandomTree(10)_S': '1', 'weka.Bagging_RandomTree(10)_num-slots': '1', 'weka.Bagging_RandomTree(10)_I': '10', 'weka.Bagging_RandomTree(10)_W': 'weka.classifiers.trees.RandomTree'}",0.92
16,576718,3942,"{'weka.AttributeSelectedClassifier_NaiveBayesUpdateable(1)_E': 'weka.attributeSelection.CfsSubsetEval -P 1 -E 1', 'weka.AttributeSelectedClassifier_NaiveBayesUpdateable(1)_S': 'weka.attributeSelection.BestFirst -D 1 -N 5', 'weka.AttributeSelectedClassifier_NaiveBayesUpdateable(1)_W': 'weka.classifiers.bayes.NaiveBayesUpdateable'}",0.938
16,576767,3943,"{'weka.KStar(4)_B': '20', 'weka.KStar(4)_M': 'a', 'weka.AttributeSelectedClassifier_KStar(1)_E': 'weka.attributeSelection.CfsSubsetEval -P 1 -E 1', 'weka.AttributeSelectedClassifier_KStar(1)_S': 'weka.attributeSelection.BestFirst -D 1 -N 5', 'weka.AttributeSelectedClassifier_KStar(1)_W': 'weka.classifiers.lazy.KStar'}",0.942
16,576809,3944,"{'weka.AttributeSelectedClassifier_LWL_DecisionStump(1)_E': 'weka.attributeSelection.CfsSubsetEval -P 1 -E 1', 'weka.AttributeSelectedClassifier_LWL_DecisionStump(1)_S': 'weka.attributeSelection.BestFirst -D 1 -N 5', 'weka.AttributeSelectedClassifier_LWL_DecisionStump(1)_W': 'weka.classifiers.lazy.LWL', 'weka.LWL_DecisionStump(5)_A': 'true', 'weka.LWL_DecisionStump(5)_K': '-1', 'weka.LWL_DecisionStump(5)_U': '0', 'weka.LWL_DecisionStump(5)_W': 'weka.classifiers.trees.DecisionStump'}",0.6525
16,576890,3946,"{'weka.J48(33)_C': '0.25', 'weka.J48(33)_M': '2', 'weka.AttributeSelectedClassifier_LWL_J48(1)_E': 'weka.attributeSelection.CfsSubsetEval -P 1 -E 1', 'weka.AttributeSelectedClassifier_LWL_J48(1)_S': 'weka.attributeSelection.BestFirst -D 1 -N 5', 'weka.AttributeSelectedClassifier_LWL_J48(1)_W': 'weka.classifiers.lazy.LWL', 'weka.LWL_J48(3)_A': 'true', 'weka.LWL_J48(3)_K': '-1', 'weka.LWL_J48(3)_U': '0', 'weka.LWL_J48(3)_W': 'weka.classifiers.trees.J48'}",0.836
16,576909,3948,"{'weka.RandomTree(11)_K': '0', 'weka.RandomTree(11)_M': '1.0', 'weka.RandomTree(11)_V': '0.001', 'weka.RandomTree(11)_S': '1', 'weka.AttributeSelectedClassifier_LWL_RandomTree(1)_E': 'weka.attributeSelection.CfsSubsetEval -P 1 -E 1', 'weka.AttributeSelectedClassifier_LWL_RandomTree(1)_S': 'weka.attributeSelection.BestFirst -D 1 -N 5', 'weka.AttributeSelectedClassifier_LWL_RandomTree(1)_W': 'weka.classifiers.lazy.LWL', 'weka.LWL_RandomTree(3)_A': 'true', 'weka.LWL_RandomTree(3)_K': '-1', 'weka.LWL_RandomTree(3)_U': '0', 'weka.LWL_RandomTree(3)_W': 'weka.classifiers.trees.RandomTree'}",0.7375
16,576945,3950,"{'weka.M5P(4)_M': '4.0', 'weka.AttributeSelectedClassifier_ClassificationViaRegression_M5P(1)_E': 'weka.attributeSelection.CfsSubsetEval -P 1 -E 1', 'weka.AttributeSelectedClassifier_ClassificationViaRegression_M5P(1)_S': 'weka.attributeSelection.BestFirst -D 1 -N 5', 'weka.AttributeSelectedClassifier_ClassificationViaRegression_M5P(1)_W': 'weka.classifiers.meta.ClassificationViaRegression', 'weka.ClassificationViaRegression_M5P(3)_W': 'weka.classifiers.trees.M5P'}",0.9045
16,576986,3952,"{'weka.AttributeSelectedClassifier_CVParameterSelection_ZeroR(1)_E': 'weka.attributeSelection.CfsSubsetEval -P 1 -E 1', 'weka.AttributeSelectedClassifier_CVParameterSelection_ZeroR(1)_S': 'weka.attributeSelection.BestFirst -D 1 -N 5', 'weka.AttributeSelectedClassifier_CVParameterSelection_ZeroR(1)_W': 'weka.classifiers.meta.CVParameterSelection', 'weka.CVParameterSelection_ZeroR(4)_X': '10', 'weka.CVParameterSelection_ZeroR(4)_S': '1', 'weka.CVParameterSelection_ZeroR(4)_W': 'weka.classifiers.rules.ZeroR'}",0.1
16,577027,3959,"{'weka.AttributeSelectedClassifier_IterativeClassifierOptimizer_LogitBoost_DecisionStump(1)_E': 'weka.attributeSelection.CfsSubsetEval -P 1 -E 1', 'weka.AttributeSelectedClassifier_IterativeClassifierOptimizer_LogitBoost_DecisionStump(1)_S': 'weka.attributeSelection.BestFirst -D 1 -N 5', 'weka.AttributeSelectedClassifier_IterativeClassifierOptimizer_LogitBoost_DecisionStump(1)_W': 'weka.classifiers.meta.IterativeClassifierOptimizer', 'weka.IterativeClassifierOptimizer_LogitBoost_DecisionStump(2)_L': '50', 'weka.IterativeClassifierOptimizer_LogitBoost_DecisionStump(2)_P': '1', 'weka.IterativeClassifierOptimizer_LogitBoost_DecisionStump(2)_E': '1', 'weka.IterativeClassifierOptimizer_LogitBoost_DecisionStump(2)_I': '1', 'weka.IterativeClassifierOptimizer_LogitBoost_DecisionStump(2)_F': '10', 'weka.IterativeClassifierOptimizer_LogitBoost_DecisionStump(2)_R': '1', 'weka.IterativeClassifierOptimizer_LogitBoost_DecisionStump(2)_W': 'weka.classifiers.meta.LogitBoost', 'weka.IterativeClassifierOptimizer_LogitBoost_DecisionStump(2)_metric': 'RMSE', 'weka.IterativeClassifierOptimizer_LogitBoost_DecisionStump(2)_S': '1', 'weka.LogitBoost_DecisionStump(7)_P': '100', 'weka.LogitBoost_DecisionStump(7)_L': '-1.7976931348623157E308', 'weka.LogitBoost_DecisionStump(7)_H': '1.0', 'weka.LogitBoost_DecisionStump(7)_Z': '3.0', 'weka.LogitBoost_DecisionStump(7)_O': '1', 'weka.LogitBoost_DecisionStump(7)_E': '1', 'weka.LogitBoost_DecisionStump(7)_S': '1', 'weka.LogitBoost_DecisionStump(7)_I': '10', 'weka.LogitBoost_DecisionStump(7)_W': 'weka.classifiers.trees.DecisionStump'}",0.8865
16,577068,3964,"{'weka.RandomTree(11)_K': '0', 'weka.RandomTree(11)_M': '1.0', 'weka.RandomTree(11)_V': '0.001', 'weka.RandomTree(11)_S': '1', 'weka.AttributeSelectedClassifier_RandomCommittee_RandomTree(1)_E': 'weka.attributeSelection.CfsSubsetEval -P 1 -E 1', 'weka.AttributeSelectedClassifier_RandomCommittee_RandomTree(1)_S': 'weka.attributeSelection.BestFirst -D 1 -N 5', 'weka.AttributeSelectedClassifier_RandomCommittee_RandomTree(1)_W': 'weka.classifiers.meta.RandomCommittee', 'weka.RandomCommittee_RandomTree(5)_S': '1', 'weka.RandomCommittee_RandomTree(5)_num-slots': '1', 'weka.RandomCommittee_RandomTree(5)_I': '10', 'weka.RandomCommittee_RandomTree(5)_W': 'weka.classifiers.trees.RandomTree'}",0.9305
16,577108,3966,"{'weka.REPTree(15)_M': '2', 'weka.REPTree(15)_V': '0.001', 'weka.REPTree(15)_N': '3', 'weka.REPTree(15)_S': '1', 'weka.REPTree(15)_L': '-1', 'weka.REPTree(15)_I': '0.0', 'weka.AttributeSelectedClassifier_RandomSubSpace_REPTree(1)_E': 'weka.attributeSelection.CfsSubsetEval -P 1 -E 1', 'weka.AttributeSelectedClassifier_RandomSubSpace_REPTree(1)_S': 'weka.attributeSelection.BestFirst -D 1 -N 5', 'weka.AttributeSelectedClassifier_RandomSubSpace_REPTree(1)_W': 'weka.classifiers.meta.RandomSubSpace', 'weka.RandomSubSpace_REPTree(8)_P': '0.5', 'weka.RandomSubSpace_REPTree(8)_S': '1', 'weka.RandomSubSpace_REPTree(8)_num-slots': '1', 'weka.RandomSubSpace_REPTree(8)_I': '10', 'weka.RandomSubSpace_REPTree(8)_W': 'weka.classifiers.trees.REPTree'}",0.9085
16,577148,3968,"{'weka.AttributeSelectedClassifier_LogitBoost_DecisionStump(1)_E': 'weka.attributeSelection.CfsSubsetEval -P 1 -E 1', 'weka.AttributeSelectedClassifier_LogitBoost_DecisionStump(1)_S': 'weka.attributeSelection.BestFirst -D 1 -N 5', 'weka.AttributeSelectedClassifier_LogitBoost_DecisionStump(1)_W': 'weka.classifiers.meta.LogitBoost', 'weka.LogitBoost_DecisionStump(8)_P': '100', 'weka.LogitBoost_DecisionStump(8)_L': '-1.7976931348623157E308', 'weka.LogitBoost_DecisionStump(8)_H': '1.0', 'weka.LogitBoost_DecisionStump(8)_Z': '3.0', 'weka.LogitBoost_DecisionStump(8)_O': '1', 'weka.LogitBoost_DecisionStump(8)_E': '1', 'weka.LogitBoost_DecisionStump(8)_S': '1', 'weka.LogitBoost_DecisionStump(8)_I': '10', 'weka.LogitBoost_DecisionStump(8)_W': 'weka.classifiers.trees.DecisionStump'}",0.8865
16,577196,3903,"{'weka.DecisionTable(1)_S': 'weka.attributeSelection.BestFirst -D 1 -N 5', 'weka.DecisionTable(1)_X': '1'}",0.632
16,577271,3986,"{'weka.DTNB(4)_X': '1', 'weka.AttributeSelectedClassifier_DTNB(1)_E': 'weka.attributeSelection.CfsSubsetEval -P 1 -E 1', 'weka.AttributeSelectedClassifier_DTNB(1)_S': 'weka.attributeSelection.BestFirst -D 1 -N 5', 'weka.AttributeSelectedClassifier_DTNB(1)_W': 'weka.classifiers.rules.DTNB'}",0.914
16,577315,3987,"{'weka.PART(4)_C': '0.25', 'weka.PART(4)_M': '2', 'weka.PART(4)_Q': '1', 'weka.AttributeSelectedClassifier_PART(1)_E': 'weka.attributeSelection.CfsSubsetEval -P 1 -E 1', 'weka.AttributeSelectedClassifier_PART(1)_S': 'weka.attributeSelection.BestFirst -D 1 -N 5', 'weka.AttributeSelectedClassifier_PART(1)_W': 'weka.classifiers.rules.PART'}",0.84
16,577362,3988,"{'weka.AttributeSelectedClassifier_DecisionStump(1)_E': 'weka.attributeSelection.CfsSubsetEval -P 1 -E 1', 'weka.AttributeSelectedClassifier_DecisionStump(1)_S': 'weka.attributeSelection.BestFirst -D 1 -N 5', 'weka.AttributeSelectedClassifier_DecisionStump(1)_W': 'weka.classifiers.trees.DecisionStump'}",0.1945
16,577406,3989,"{'weka.LADTree(7)_B': '10', 'weka.AttributeSelectedClassifier_LADTree(1)_E': 'weka.attributeSelection.CfsSubsetEval -P 1 -E 1', 'weka.AttributeSelectedClassifier_LADTree(1)_S': 'weka.attributeSelection.BestFirst -D 1 -N 5', 'weka.AttributeSelectedClassifier_LADTree(1)_W': 'weka.classifiers.trees.LADTree'}",0.769
16,577452,3990,"{'weka.LMT(4)_I': '-1', 'weka.LMT(4)_M': '15', 'weka.LMT(4)_W': '0.0', 'weka.AttributeSelectedClassifier_LMT(1)_E': 'weka.attributeSelection.CfsSubsetEval -P 1 -E 1', 'weka.AttributeSelectedClassifier_LMT(1)_S': 'weka.attributeSelection.BestFirst -D 1 -N 5', 'weka.AttributeSelectedClassifier_LMT(1)_W': 'weka.classifiers.trees.LMT'}",0.951
16,577578,3905,"{'weka.BayesNet(1)_D': 'true', 'weka.BayesNet(1)_Q': 'weka.classifiers.bayes.net.search.local.K2'}",0.9235
16,577701,3910,"{'weka.IBk(7)_K': '1', 'weka.IBk(7)_W': '0', 'weka.IBk(7)_A': 'true', 'weka.AdaBoostM1_IBk(5)_P': '100', 'weka.AdaBoostM1_IBk(5)_S': '1', 'weka.AdaBoostM1_IBk(5)_I': '10', 'weka.AdaBoostM1_IBk(5)_W': 'weka.classifiers.lazy.IBk'}",0.964
16,577842,2272,"{'weka.Bagging_DecisionStump(3)_P': '100', 'weka.Bagging_DecisionStump(3)_S': '1', 'weka.Bagging_DecisionStump(3)_num-slots': '1', 'weka.Bagging_DecisionStump(3)_I': '10', 'weka.Bagging_DecisionStump(3)_W': 'weka.classifiers.trees.DecisionStump'}",0.198
16,577881,3448,"{'weka.IBk(7)_K': '1', 'weka.IBk(7)_W': '0', 'weka.IBk(7)_A': 'true', 'weka.Bagging_IBk(3)_P': '100', 'weka.Bagging_IBk(3)_S': '1', 'weka.Bagging_IBk(3)_num-slots': '1', 'weka.Bagging_IBk(3)_I': '10', 'weka.Bagging_IBk(3)_W': 'weka.classifiers.lazy.IBk'}",0.9635
16,577920,2269,"{'weka.J48(33)_C': '0.25', 'weka.J48(33)_M': '2', 'weka.Bagging_J48(5)_P': '100', 'weka.Bagging_J48(5)_S': '1', 'weka.Bagging_J48(5)_num-slots': '1', 'weka.Bagging_J48(5)_I': '10', 'weka.Bagging_J48(5)_W': 'weka.classifiers.trees.J48'}",0.901
16,577960,2136,"{'weka.JRip(5)_F': '3', 'weka.JRip(5)_N': '2.0', 'weka.JRip(5)_O': '2', 'weka.JRip(5)_S': '1', 'weka.Bagging_JRip(3)_P': '100', 'weka.Bagging_JRip(3)_S': '1', 'weka.Bagging_JRip(3)_num-slots': '1', 'weka.Bagging_JRip(3)_I': '10', 'weka.Bagging_JRip(3)_W': 'weka.classifiers.rules.JRip'}",0.931
16,578047,2283,"{'weka.Bagging_NaiveBayes(9)_P': '100', 'weka.Bagging_NaiveBayes(9)_S': '1', 'weka.Bagging_NaiveBayes(9)_num-slots': '1', 'weka.Bagging_NaiveBayes(9)_I': '10', 'weka.Bagging_NaiveBayes(9)_W': 'weka.classifiers.bayes.NaiveBayes'}",0.9335
16,578128,2140,"{'weka.RandomTree(11)_K': '0', 'weka.RandomTree(11)_M': '1.0', 'weka.RandomTree(11)_V': '0.001', 'weka.RandomTree(11)_S': '1', 'weka.Bagging_RandomTree(9)_P': '100', 'weka.Bagging_RandomTree(9)_S': '1', 'weka.Bagging_RandomTree(9)_num-slots': '1', 'weka.Bagging_RandomTree(9)_I': '10', 'weka.Bagging_RandomTree(9)_W': 'weka.classifiers.trees.RandomTree'}",0.91
16,578164,1880,{},0.935
16,578224,2791,"{'weka.KStar(4)_B': '20', 'weka.KStar(4)_M': 'a'}",0.9405
16,578239,3935,"{'weka.LWL_DecisionStump(4)_A': 'true', 'weka.LWL_DecisionStump(4)_K': '-1', 'weka.LWL_DecisionStump(4)_U': '0', 'weka.LWL_DecisionStump(4)_W': 'weka.classifiers.trees.DecisionStump'}",0.6425
16,578304,3947,"{'weka.J48(33)_C': '0.25', 'weka.J48(33)_M': '2', 'weka.LWL_J48(3)_A': 'true', 'weka.LWL_J48(3)_K': '-1', 'weka.LWL_J48(3)_U': '0', 'weka.LWL_J48(3)_W': 'weka.classifiers.trees.J48'}",0.845
16,578338,3949,"{'weka.RandomTree(11)_K': '0', 'weka.RandomTree(11)_M': '1.0', 'weka.RandomTree(11)_V': '0.001', 'weka.RandomTree(11)_S': '1', 'weka.LWL_RandomTree(3)_A': 'true', 'weka.LWL_RandomTree(3)_K': '-1', 'weka.LWL_RandomTree(3)_U': '0', 'weka.LWL_RandomTree(3)_W': 'weka.classifiers.trees.RandomTree'}",0.7465
16,578388,3951,"{'weka.M5P(4)_M': '4.0', 'weka.ClassificationViaRegression_M5P(3)_W': 'weka.classifiers.trees.M5P'}",0.9035
16,578429,2072,"{'weka.CVParameterSelection_ZeroR(3)_X': '10', 'weka.CVParameterSelection_ZeroR(3)_S': '1', 'weka.CVParameterSelection_ZeroR(3)_W': 'weka.classifiers.rules.ZeroR'}",0.1
16,578482,2070,"{'weka.REPTree(15)_M': '2', 'weka.REPTree(15)_V': '0.001', 'weka.REPTree(15)_N': '3', 'weka.REPTree(15)_S': '1', 'weka.REPTree(15)_L': '-1', 'weka.REPTree(15)_I': '0.0', 'weka.RandomSubSpace_REPTree(6)_P': '0.5', 'weka.RandomSubSpace_REPTree(6)_S': '1', 'weka.RandomSubSpace_REPTree(6)_num-slots': '1', 'weka.RandomSubSpace_REPTree(6)_I': '10', 'weka.RandomSubSpace_REPTree(6)_W': 'weka.classifiers.trees.REPTree'}",0.907
16,578565,2259,{'weka.DTNB(4)_X': '1'},0.9115
16,578593,1789,"{'weka.PART(4)_C': '0.25', 'weka.PART(4)_M': '2', 'weka.PART(4)_Q': '1'}",0.8455
16,578639,1729,{},0.1945
16,578680,1728,"{'weka.HoeffdingTree(4)_L': '2', 'weka.HoeffdingTree(4)_S': '1', 'weka.HoeffdingTree(4)_E': '1.0E-7', 'weka.HoeffdingTree(4)_H': '0.05', 'weka.HoeffdingTree(4)_M': '0.01', 'weka.HoeffdingTree(4)_G': '200.0', 'weka.HoeffdingTree(4)_N': '0.0'}",0.935
16,578718,2264,{'weka.LADTree(7)_B': '10'},0.769
16,578763,1727,"{'weka.LMT(4)_I': '-1', 'weka.LMT(4)_M': '15', 'weka.LMT(4)_W': '0.0'}",0.9525
16,578823,2263,{},0.8345
16,578867,1725,"{'weka.RandomTree(11)_K': '0', 'weka.RandomTree(11)_M': '1.0', 'weka.RandomTree(11)_V': '0.001', 'weka.RandomTree(11)_S': '1'}",0.731
16,578908,1724,"{'weka.REPTree(15)_M': '2', 'weka.REPTree(15)_V': '0.001', 'weka.REPTree(15)_N': '3', 'weka.REPTree(15)_S': '1', 'weka.REPTree(15)_L': '-1', 'weka.REPTree(15)_I': '0.0'}",0.773
16,578965,2010,"{'weka.SimpleLogistic(4)_I': '0', 'weka.SimpleLogistic(4)_M': '500', 'weka.SimpleLogistic(4)_H': '50', 'weka.SimpleLogistic(4)_W': '0.0'}",0.9545
16,579465,3991,"{'weka.AttributeSelectedClassifier_NBTree(1)_E': 'weka.attributeSelection.CfsSubsetEval -P 1 -E 1', 'weka.AttributeSelectedClassifier_NBTree(1)_S': 'weka.attributeSelection.BestFirst -D 1 -N 5', 'weka.AttributeSelectedClassifier_NBTree(1)_W': 'weka.classifiers.trees.NBTree'}",0.837
16,579504,3992,"{'weka.RandomTree(11)_K': '0', 'weka.RandomTree(11)_M': '1.0', 'weka.RandomTree(11)_V': '0.001', 'weka.RandomTree(11)_S': '1', 'weka.AttributeSelectedClassifier_RandomTree(1)_E': 'weka.attributeSelection.CfsSubsetEval -P 1 -E 1', 'weka.AttributeSelectedClassifier_RandomTree(1)_S': 'weka.attributeSelection.BestFirst -D 1 -N 5', 'weka.AttributeSelectedClassifier_RandomTree(1)_W': 'weka.classifiers.trees.RandomTree'}",0.733
16,579543,3564,"{'weka.J48(33)_C': '0.25', 'weka.J48(33)_M': '2', 'weka.AttributeSelectedClassifier_J48(1)_E': 'weka.attributeSelection.CfsSubsetEval -P 1 -E 1', 'weka.AttributeSelectedClassifier_J48(1)_S': 'weka.attributeSelection.BestFirst -D 1 -N 5', 'weka.AttributeSelectedClassifier_J48(1)_W': 'weka.classifiers.trees.J48'}",0.812
16,579582,3993,"{'weka.SimpleLogistic(4)_I': '0', 'weka.SimpleLogistic(4)_M': '500', 'weka.SimpleLogistic(4)_H': '50', 'weka.SimpleLogistic(4)_W': '0.0', 'weka.AttributeSelectedClassifier_SimpleLogistic(1)_E': 'weka.attributeSelection.CfsSubsetEval -P 1 -E 1', 'weka.AttributeSelectedClassifier_SimpleLogistic(1)_S': 'weka.attributeSelection.BestFirst -D 1 -N 5', 'weka.AttributeSelectedClassifier_SimpleLogistic(1)_W': 'weka.classifiers.functions.SimpleLogistic'}",0.9525
16,579631,3903,"{'weka.DecisionTable(1)_S': 'weka.attributeSelection.BestFirst -D 1 -N 5', 'weka.DecisionTable(1)_X': '1'}",0.632
16,579677,3976,"{'weka.JRip(5)_F': '3', 'weka.JRip(5)_N': '2.0', 'weka.JRip(5)_O': '2', 'weka.JRip(5)_S': '1', 'weka.AttributeSelectedClassifier_MultiBoostAB_JRip(1)_E': 'weka.attributeSelection.CfsSubsetEval -P 1 -E 1', 'weka.AttributeSelectedClassifier_MultiBoostAB_JRip(1)_S': 'weka.attributeSelection.BestFirst -D 1 -N 5', 'weka.AttributeSelectedClassifier_MultiBoostAB_JRip(1)_W': 'weka.classifiers.meta.MultiBoostAB', 'weka.MultiBoostAB_JRip(3)_C': '3', 'weka.MultiBoostAB_JRip(3)_P': '100', 'weka.MultiBoostAB_JRip(3)_S': '1', 'weka.MultiBoostAB_JRip(3)_I': '10', 'weka.MultiBoostAB_JRip(3)_W': 'weka.classifiers.rules.JRip'}",0.933
16,579688,3978,"{'weka.OneR(18)_B': '6', 'weka.AttributeSelectedClassifier_MultiBoostAB_OneR(1)_E': 'weka.attributeSelection.CfsSubsetEval -P 1 -E 1', 'weka.AttributeSelectedClassifier_MultiBoostAB_OneR(1)_S': 'weka.attributeSelection.BestFirst -D 1 -N 5', 'weka.AttributeSelectedClassifier_MultiBoostAB_OneR(1)_W': 'weka.classifiers.meta.MultiBoostAB', 'weka.MultiBoostAB_OneR(3)_C': '3', 'weka.MultiBoostAB_OneR(3)_P': '100', 'weka.MultiBoostAB_OneR(3)_S': '1', 'weka.MultiBoostAB_OneR(3)_I': '10', 'weka.MultiBoostAB_OneR(3)_W': 'weka.classifiers.rules.OneR'}",0.2805
16,579738,3980,"{'weka.J48(33)_C': '0.25', 'weka.J48(33)_M': '2', 'weka.AttributeSelectedClassifier_MultiBoostAB_J48(1)_E': 'weka.attributeSelection.CfsSubsetEval -P 1 -E 1', 'weka.AttributeSelectedClassifier_MultiBoostAB_J48(1)_S': 'weka.attributeSelection.BestFirst -D 1 -N 5', 'weka.AttributeSelectedClassifier_MultiBoostAB_J48(1)_W': 'weka.classifiers.meta.MultiBoostAB', 'weka.MultiBoostAB_J48(3)_C': '3', 'weka.MultiBoostAB_J48(3)_P': '100', 'weka.MultiBoostAB_J48(3)_S': '1', 'weka.MultiBoostAB_J48(3)_I': '10', 'weka.MultiBoostAB_J48(3)_W': 'weka.classifiers.trees.J48'}",0.9165
16,579772,3982,"{'weka.RandomTree(11)_K': '0', 'weka.RandomTree(11)_M': '1.0', 'weka.RandomTree(11)_V': '0.001', 'weka.RandomTree(11)_S': '1', 'weka.AttributeSelectedClassifier_MultiBoostAB_RandomTree(1)_E': 'weka.attributeSelection.CfsSubsetEval -P 1 -E 1', 'weka.AttributeSelectedClassifier_MultiBoostAB_RandomTree(1)_S': 'weka.attributeSelection.BestFirst -D 1 -N 5', 'weka.AttributeSelectedClassifier_MultiBoostAB_RandomTree(1)_W': 'weka.classifiers.meta.MultiBoostAB', 'weka.MultiBoostAB_RandomTree(3)_C': '3', 'weka.MultiBoostAB_RandomTree(3)_P': '100', 'weka.MultiBoostAB_RandomTree(3)_S': '1', 'weka.MultiBoostAB_RandomTree(3)_I': '10', 'weka.MultiBoostAB_RandomTree(3)_W': 'weka.classifiers.trees.RandomTree'}",0.7455
16,579817,3984,"{'weka.REPTree(15)_M': '2', 'weka.REPTree(15)_V': '0.001', 'weka.REPTree(15)_N': '3', 'weka.REPTree(15)_S': '1', 'weka.REPTree(15)_L': '-1', 'weka.REPTree(15)_I': '0.0', 'weka.AttributeSelectedClassifier_MultiBoostAB_REPTree(1)_E': 'weka.attributeSelection.CfsSubsetEval -P 1 -E 1', 'weka.AttributeSelectedClassifier_MultiBoostAB_REPTree(1)_S': 'weka.attributeSelection.BestFirst -D 1 -N 5', 'weka.AttributeSelectedClassifier_MultiBoostAB_REPTree(1)_W': 'weka.classifiers.meta.MultiBoostAB', 'weka.MultiBoostAB_REPTree(3)_C': '3', 'weka.MultiBoostAB_REPTree(3)_P': '100', 'weka.MultiBoostAB_REPTree(3)_S': '1', 'weka.MultiBoostAB_REPTree(3)_I': '10', 'weka.MultiBoostAB_REPTree(3)_W': 'weka.classifiers.trees.REPTree'}",0.9025
16,579928,3905,"{'weka.BayesNet(1)_D': 'true', 'weka.BayesNet(1)_Q': 'weka.classifiers.bayes.net.search.local.K2'}",0.9235
16,580027,3910,"{'weka.IBk(7)_K': '1', 'weka.IBk(7)_W': '0', 'weka.IBk(7)_A': 'true', 'weka.AdaBoostM1_IBk(5)_P': '100', 'weka.AdaBoostM1_IBk(5)_S': '1', 'weka.AdaBoostM1_IBk(5)_I': '10', 'weka.AdaBoostM1_IBk(5)_W': 'weka.classifiers.lazy.IBk'}",0.964
16,580131,2272,"{'weka.Bagging_DecisionStump(3)_P': '100', 'weka.Bagging_DecisionStump(3)_S': '1', 'weka.Bagging_DecisionStump(3)_num-slots': '1', 'weka.Bagging_DecisionStump(3)_I': '10', 'weka.Bagging_DecisionStump(3)_W': 'weka.classifiers.trees.DecisionStump'}",0.198
16,580172,3448,"{'weka.IBk(7)_K': '1', 'weka.IBk(7)_W': '0', 'weka.IBk(7)_A': 'true', 'weka.Bagging_IBk(3)_P': '100', 'weka.Bagging_IBk(3)_S': '1', 'weka.Bagging_IBk(3)_num-slots': '1', 'weka.Bagging_IBk(3)_I': '10', 'weka.Bagging_IBk(3)_W': 'weka.classifiers.lazy.IBk'}",0.9635
16,580204,2269,"{'weka.J48(33)_C': '0.25', 'weka.J48(33)_M': '2', 'weka.Bagging_J48(5)_P': '100', 'weka.Bagging_J48(5)_S': '1', 'weka.Bagging_J48(5)_num-slots': '1', 'weka.Bagging_J48(5)_I': '10', 'weka.Bagging_J48(5)_W': 'weka.classifiers.trees.J48'}",0.901
16,580250,2136,"{'weka.JRip(5)_F': '3', 'weka.JRip(5)_N': '2.0', 'weka.JRip(5)_O': '2', 'weka.JRip(5)_S': '1', 'weka.Bagging_JRip(3)_P': '100', 'weka.Bagging_JRip(3)_S': '1', 'weka.Bagging_JRip(3)_num-slots': '1', 'weka.Bagging_JRip(3)_I': '10', 'weka.Bagging_JRip(3)_W': 'weka.classifiers.rules.JRip'}",0.931
16,580299,2228,"{'weka.PolyKernel(9)_E': '1.0', 'weka.PolyKernel(9)_C': '250007', 'weka.SMO_PolyKernel(11)_C': '1.0', 'weka.SMO_PolyKernel(11)_N': '0', 'weka.SMO_PolyKernel(11)_L': '0.001', 'weka.SMO_PolyKernel(11)_P': '1.0E-12', 'weka.SMO_PolyKernel(11)_V': '-1', 'weka.SMO_PolyKernel(11)_W': '1', 'weka.SMO_PolyKernel(11)_K': 'weka.classifiers.functions.supportVector.PolyKernel'}",0.9635
16,580336,2236,"{'weka.A1DE(28)_F': '1', 'weka.A1DE(28)_M': '1.0'}",0.963
16,580361,2230,"{'weka.SMO_RBFKernel(4)_C': '1.0', 'weka.SMO_RBFKernel(4)_N': '0', 'weka.SMO_RBFKernel(4)_L': '0.001', 'weka.SMO_RBFKernel(4)_P': '1.0E-12', 'weka.SMO_RBFKernel(4)_V': '-1', 'weka.SMO_RBFKernel(4)_W': '1', 'weka.SMO_RBFKernel(4)_K': 'weka.classifiers.functions.supportVector.RBFKernel', 'weka.RBFKernel(4)_G': '0.01', 'weka.RBFKernel(4)_C': '250007'}",0.927
16,580405,3954,"{'weka.AttributeSelectedClassifier_Dagging_DecisionStump(1)_E': 'weka.attributeSelection.CfsSubsetEval -P 1 -E 1', 'weka.AttributeSelectedClassifier_Dagging_DecisionStump(1)_S': 'weka.attributeSelection.BestFirst -D 1 -N 5', 'weka.AttributeSelectedClassifier_Dagging_DecisionStump(1)_W': 'weka.classifiers.meta.Dagging', 'weka.Dagging_DecisionStump(4)_F': '10', 'weka.Dagging_DecisionStump(4)_S': '1', 'weka.Dagging_DecisionStump(4)_W': 'weka.classifiers.trees.DecisionStump'}",0.326
16,580451,3956,"{'weka.J48(33)_C': '0.25', 'weka.J48(33)_M': '2', 'weka.AttributeSelectedClassifier_END_ND_J48(1)_E': 'weka.attributeSelection.CfsSubsetEval -P 1 -E 1', 'weka.AttributeSelectedClassifier_END_ND_J48(1)_S': 'weka.attributeSelection.BestFirst -D 1 -N 5', 'weka.AttributeSelectedClassifier_END_ND_J48(1)_W': 'weka.classifiers.meta.END', 'weka.END_ND_J48(4)_S': '1', 'weka.END_ND_J48(4)_I': '10', 'weka.END_ND_J48(4)_W': 'weka.classifiers.meta.nestedDichotomies.ND', 'weka.ND_J48(4)_S': '1', 'weka.ND_J48(4)_W': 'weka.classifiers.trees.J48'}",0.9355
16,580492,3962,"{'weka.AttributeSelectedClassifier_RacedIncrementalLogitBoost_DecisionStump(1)_E': 'weka.attributeSelection.CfsSubsetEval -P 1 -E 1', 'weka.AttributeSelectedClassifier_RacedIncrementalLogitBoost_DecisionStump(1)_S': 'weka.attributeSelection.BestFirst -D 1 -N 5', 'weka.AttributeSelectedClassifier_RacedIncrementalLogitBoost_DecisionStump(1)_W': 'weka.classifiers.meta.RacedIncrementalLogitBoost', 'weka.RacedIncrementalLogitBoost_DecisionStump(4)_C': '500', 'weka.RacedIncrementalLogitBoost_DecisionStump(4)_M': '2000', 'weka.RacedIncrementalLogitBoost_DecisionStump(4)_V': '1000', 'weka.RacedIncrementalLogitBoost_DecisionStump(4)_P': '1', 'weka.RacedIncrementalLogitBoost_DecisionStump(4)_S': '1', 'weka.RacedIncrementalLogitBoost_DecisionStump(4)_W': 'weka.classifiers.trees.DecisionStump'}",0.4705
16,580535,3970,"{'weka.AttributeSelectedClassifier_MultiBoostAB_DecisionStump(1)_E': 'weka.attributeSelection.CfsSubsetEval -P 1 -E 1', 'weka.AttributeSelectedClassifier_MultiBoostAB_DecisionStump(1)_S': 'weka.attributeSelection.BestFirst -D 1 -N 5', 'weka.AttributeSelectedClassifier_MultiBoostAB_DecisionStump(1)_W': 'weka.classifiers.meta.MultiBoostAB', 'weka.MultiBoostAB_DecisionStump(4)_C': '3', 'weka.MultiBoostAB_DecisionStump(4)_P': '100', 'weka.MultiBoostAB_DecisionStump(4)_S': '1', 'weka.MultiBoostAB_DecisionStump(4)_I': '10', 'weka.MultiBoostAB_DecisionStump(4)_W': 'weka.classifiers.trees.DecisionStump'}",0.1945
16,580578,3972,"{'weka.AttributeSelectedClassifier_MultiBoostAB_NaiveBayes(1)_E': 'weka.attributeSelection.CfsSubsetEval -P 1 -E 1', 'weka.AttributeSelectedClassifier_MultiBoostAB_NaiveBayes(1)_S': 'weka.attributeSelection.BestFirst -D 1 -N 5', 'weka.AttributeSelectedClassifier_MultiBoostAB_NaiveBayes(1)_W': 'weka.classifiers.meta.MultiBoostAB', 'weka.MultiBoostAB_NaiveBayes(3)_C': '3', 'weka.MultiBoostAB_NaiveBayes(3)_P': '100', 'weka.MultiBoostAB_NaiveBayes(3)_S': '1', 'weka.MultiBoostAB_NaiveBayes(3)_I': '10', 'weka.MultiBoostAB_NaiveBayes(3)_W': 'weka.classifiers.bayes.NaiveBayes'}",0.9435
16,580614,3974,"{'weka.IBk(7)_K': '1', 'weka.IBk(7)_W': '0', 'weka.IBk(7)_A': 'true', 'weka.AttributeSelectedClassifier_MultiBoostAB_IBk(1)_E': 'weka.attributeSelection.CfsSubsetEval -P 1 -E 1', 'weka.AttributeSelectedClassifier_MultiBoostAB_IBk(1)_S': 'weka.attributeSelection.BestFirst -D 1 -N 5', 'weka.AttributeSelectedClassifier_MultiBoostAB_IBk(1)_W': 'weka.classifiers.meta.MultiBoostAB', 'weka.MultiBoostAB_IBk(3)_C': '3', 'weka.MultiBoostAB_IBk(3)_P': '100', 'weka.MultiBoostAB_IBk(3)_S': '1', 'weka.MultiBoostAB_IBk(3)_I': '10', 'weka.MultiBoostAB_IBk(3)_W': 'weka.classifiers.lazy.IBk'}",0.965
16,580662,3914,"{'weka.LMT(4)_I': '-1', 'weka.LMT(4)_M': '15', 'weka.LMT(4)_W': '0.0', 'weka.AdaBoostM1_LMT(3)_P': '100', 'weka.AdaBoostM1_LMT(3)_S': '1', 'weka.AdaBoostM1_LMT(3)_I': '10', 'weka.AdaBoostM1_LMT(3)_W': 'weka.classifiers.trees.LMT'}",0.9515
16,580682,3916,"{'weka.AdaBoostM1_NaiveBayes(3)_P': '100', 'weka.AdaBoostM1_NaiveBayes(3)_S': '1', 'weka.AdaBoostM1_NaiveBayes(3)_I': '10', 'weka.AdaBoostM1_NaiveBayes(3)_W': 'weka.classifiers.bayes.NaiveBayes'}",0.9405
16,580711,3918,"{'weka.OneR(18)_B': '6', 'weka.AdaBoostM1_OneR(3)_P': '100', 'weka.AdaBoostM1_OneR(3)_S': '1', 'weka.AdaBoostM1_OneR(3)_I': '10', 'weka.AdaBoostM1_OneR(3)_W': 'weka.classifiers.rules.OneR'}",0.2805
16,580740,3920,"{'weka.RandomTree(11)_K': '0', 'weka.RandomTree(11)_M': '1.0', 'weka.RandomTree(11)_V': '0.001', 'weka.RandomTree(11)_S': '1', 'weka.AdaBoostM1_RandomTree(3)_P': '100', 'weka.AdaBoostM1_RandomTree(3)_S': '1', 'weka.AdaBoostM1_RandomTree(3)_I': '10', 'weka.AdaBoostM1_RandomTree(3)_W': 'weka.classifiers.trees.RandomTree'}",0.73
16,580775,3932,"{'weka.LMT(4)_I': '-1', 'weka.LMT(4)_M': '15', 'weka.LMT(4)_W': '0.0', 'weka.Bagging_LMT(3)_P': '100', 'weka.Bagging_LMT(3)_S': '1', 'weka.Bagging_LMT(3)_num-slots': '1', 'weka.Bagging_LMT(3)_I': '10', 'weka.Bagging_LMT(3)_W': 'weka.classifiers.trees.LMT'}",0.9575
16,580822,3934,"{'weka.Bagging_LWL_DecisionStump(3)_P': '100', 'weka.Bagging_LWL_DecisionStump(3)_S': '1', 'weka.Bagging_LWL_DecisionStump(3)_num-slots': '1', 'weka.Bagging_LWL_DecisionStump(3)_I': '10', 'weka.Bagging_LWL_DecisionStump(3)_W': 'weka.classifiers.lazy.LWL', 'weka.LWL_DecisionStump(4)_A': 'true', 'weka.LWL_DecisionStump(4)_K': '-1', 'weka.LWL_DecisionStump(4)_U': '0', 'weka.LWL_DecisionStump(4)_W': 'weka.classifiers.trees.DecisionStump'}",0.655
16,580826,3939,"{'weka.OneR(18)_B': '6', 'weka.Bagging_OneR(13)_P': '100', 'weka.Bagging_OneR(13)_S': '1', 'weka.Bagging_OneR(13)_num-slots': '1', 'weka.Bagging_OneR(13)_I': '10', 'weka.Bagging_OneR(13)_W': 'weka.classifiers.rules.OneR'}",0.31
16,580861,3960,"{'weka.IterativeClassifierOptimizer_LogitBoost_DecisionStump(2)_L': '50', 'weka.IterativeClassifierOptimizer_LogitBoost_DecisionStump(2)_P': '1', 'weka.IterativeClassifierOptimizer_LogitBoost_DecisionStump(2)_E': '1', 'weka.IterativeClassifierOptimizer_LogitBoost_DecisionStump(2)_I': '1', 'weka.IterativeClassifierOptimizer_LogitBoost_DecisionStump(2)_F': '10', 'weka.IterativeClassifierOptimizer_LogitBoost_DecisionStump(2)_R': '1', 'weka.IterativeClassifierOptimizer_LogitBoost_DecisionStump(2)_W': 'weka.classifiers.meta.LogitBoost', 'weka.IterativeClassifierOptimizer_LogitBoost_DecisionStump(2)_metric': 'RMSE', 'weka.IterativeClassifierOptimizer_LogitBoost_DecisionStump(2)_S': '1', 'weka.LogitBoost_DecisionStump(7)_P': '100', 'weka.LogitBoost_DecisionStump(7)_L': '-1.7976931348623157E308', 'weka.LogitBoost_DecisionStump(7)_H': '1.0', 'weka.LogitBoost_DecisionStump(7)_Z': '3.0', 'weka.LogitBoost_DecisionStump(7)_O': '1', 'weka.LogitBoost_DecisionStump(7)_E': '1', 'weka.LogitBoost_DecisionStump(7)_S': '1', 'weka.LogitBoost_DecisionStump(7)_I': '10', 'weka.LogitBoost_DecisionStump(7)_W': 'weka.classifiers.trees.DecisionStump'}",0.887
16,580898,2151,"{'weka.RandomTree(11)_K': '0', 'weka.RandomTree(11)_M': '1.0', 'weka.RandomTree(11)_V': '0.001', 'weka.RandomTree(11)_S': '1', 'weka.RandomCommittee_RandomTree(4)_S': '1', 'weka.RandomCommittee_RandomTree(4)_num-slots': '1', 'weka.RandomCommittee_RandomTree(4)_I': '10', 'weka.RandomCommittee_RandomTree(4)_W': 'weka.classifiers.trees.RandomTree'}",0.9265
16,580935,2074,"{'weka.LogitBoost_DecisionStump(6)_P': '100', 'weka.LogitBoost_DecisionStump(6)_L': '-1.7976931348623157E308', 'weka.LogitBoost_DecisionStump(6)_H': '1.0', 'weka.LogitBoost_DecisionStump(6)_Z': '3.0', 'weka.LogitBoost_DecisionStump(6)_O': '1', 'weka.LogitBoost_DecisionStump(6)_E': '1', 'weka.LogitBoost_DecisionStump(6)_S': '1', 'weka.LogitBoost_DecisionStump(6)_I': '10', 'weka.LogitBoost_DecisionStump(6)_W': 'weka.classifiers.trees.DecisionStump'}",0.887
16,580972,3955,"{'weka.Dagging_DecisionStump(4)_F': '10', 'weka.Dagging_DecisionStump(4)_S': '1', 'weka.Dagging_DecisionStump(4)_W': 'weka.classifiers.trees.DecisionStump'}",0.3415
16,581016,3973,"{'weka.MultiBoostAB_NaiveBayes(3)_C': '3', 'weka.MultiBoostAB_NaiveBayes(3)_P': '100', 'weka.MultiBoostAB_NaiveBayes(3)_S': '1', 'weka.MultiBoostAB_NaiveBayes(3)_I': '10', 'weka.MultiBoostAB_NaiveBayes(3)_W': 'weka.classifiers.bayes.NaiveBayes'}",0.9395
16,581053,3975,"{'weka.IBk(7)_K': '1', 'weka.IBk(7)_W': '0', 'weka.IBk(7)_A': 'true', 'weka.MultiBoostAB_IBk(3)_C': '3', 'weka.MultiBoostAB_IBk(3)_P': '100', 'weka.MultiBoostAB_IBk(3)_S': '1', 'weka.MultiBoostAB_IBk(3)_I': '10', 'weka.MultiBoostAB_IBk(3)_W': 'weka.classifiers.lazy.IBk'}",0.964
